{
  "project_info": {
    "project_number": "930575759947",
    "project_id": "doc-app-e6886",
    "storage_bucket": "doc-app-e6886.appspot.com"
  },
  "client": [
    {
      "client_info": {
        "mobilesdk_app_id": "1:930575759947:android:175d6d429ad91533556bce",
        "android_client_info": {
          "package_name": "com.example.doctor"
        }
      },
      "oauth_client": [],
      "api_key": [
        {
          "current_key": "AIzaSyCdGGVQxUkqCsgNSfMTXvJWd9JiXXIOz9w"
        }
      ],
      "services": {
        "appinvite_service": {
          "other_platform_oauth_client": []
        }
      }
    }
  ],
  "configuration_version": "1"
}